{"cameraMode":{"drawMode":0,"name":"Shaded","section":"Shading Mode"},"sceneLighting":true,"audioPlay":false,"sceneViewState":{"showFog":true,"showMaterialUpdate":false,"showSkybox":true,"showFlares":true,"showImageEffects":true,"showParticleSystems":true},"in2DMode":false,"pivot":{"x":-0.5997953414916992,"y":2.354170560836792,"z":37.11087417602539},"rotation":{"x":0.02345755510032177,"y":-0.969495952129364,"z":0.10277077555656433,"w":0.22128833830356599},"size":3.9687397480010988,"orthographic":false}