{"cameraMode":{"drawMode":0,"name":"Shaded","section":"Shading Mode"},"sceneLighting":false,"audioPlay":false,"sceneViewState":{"showFog":true,"showMaterialUpdate":false,"showSkybox":false,"showFlares":true,"showImageEffects":true,"showParticleSystems":true},"in2DMode":false,"pivot":{"x":212.70538330078126,"y":-7.900390625,"z":282.93841552734377},"rotation":{"x":-0.39332059025764468,"y":0.42690786719322207,"z":-0.2137158364057541,"w":-0.7857502698898315},"size":1702.438720703125,"orthographic":false}