{"cameraMode":{"drawMode":0,"name":"Shaded","section":"Shading Mode"},"sceneLighting":true,"audioPlay":false,"sceneViewState":{"showFog":true,"showMaterialUpdate":false,"showSkybox":true,"showFlares":true,"showImageEffects":true,"showParticleSystems":true},"in2DMode":false,"pivot":{"x":-2.590972900390625,"y":1.0729155540466309,"z":-1.7185953855514527},"rotation":{"x":-0.24373532831668855,"y":0.027640901505947114,"z":-0.00692808348685503,"w":-0.9694575667381287},"size":22.0,"orthographic":false}